Rank,Brand,Bucket,Priority,Score,Source tags,Suggested incumbents to conquest,Suggested buyer titles,Outreach hook,Website,Contact Names,Contact Titles,Contact Links,Tagline,Description
26,Juni,Snack / Grocery,A,6,Instacart Emerging 2025,PepsiCo (Frito-Lay); Mondelez; Kellogg; General Mills; Hershey,Head/VP of Growth; Director of Shopper Marketing; VP Ecommerce; Performance Marketing Lead,Pop can present Juni as a swap when shoppers add a competitor — brands pay only on receipt-verified conversion.,https://drinkjuni.com,Friendship Beverage,Parent Company,https://www.friendshipbeverage.com/,"Sparkling Adaptogen Drink with Ashwagandha, Lion's Mane & Reishi Mushrooms","Juni specializes in the development and production of functional beverages that combine traditional tea ingredients with modern wellness supplements. Their products include sparkling adaptogen drinks designed for focus and wellness, featuring organic ingredients with zero sugar."
27,Love Corn,Snack / Grocery,A,6,Instacart Emerging 2025,PepsiCo (Frito-Lay); Mondelez; Kellogg; General Mills; Hershey,Head/VP of Growth; Director of Shopper Marketing; VP Ecommerce; Performance Marketing Lead,Pop can present Love Corn as a swap when shoppers add a competitor — brands pay only on receipt-verified conversion.,https://www.lovecorn.com,Nick Dickson,Helping businesses pivot towards their goals,https://uk.linkedin.com/in/nickdickson,Delicious Crunchy Corn Snack,"LOVE CORN is a crunchy snack brand that produces snacks made from whole corn kernels, sunflower oil, and natural seasonings. Their products are gluten-free, vegan, kosher, low in calories and sugar, and non-GMO."
28,Magic Spoon,Snack / Grocery,A,6,Instacart Emerging 2025,PepsiCo (Frito-Lay); Mondelez; Kellogg; General Mills; Hershey,Head/VP of Growth; Director of Shopper Marketing; VP Ecommerce; Performance Marketing Lead,Pop can present Magic Spoon as a swap when shoppers add a competitor — brands pay only on receipt-verified conversion.,https://magicspoon.com,Gabi Lewis | Shane Callahan | John Shucavage | Jason Moloff,Co-founder | Director of Shopper Marketing | VP Costco & Sales Planning | Brand Marketing & Innovation Leader,https://www.tasteradio.com/episodes/why-magic-spoons-product-first-strategy-drove-its-success | https://www.linkedin.com/in/shanecallahan | https://www.linkedin.com/in/john-shucavage | https://www.linkedin.com/in/jasonmoloff,"High-protein, keto-friendly cereal with 0g sugar.","Magic Spoon is a high-protein, keto-friendly, and gluten-free cereal brand reimagining childhood favorites for a modern audience. The company focuses on a product-first strategy in the CPG space, offering low-carb, zero-sugar alternatives to traditional breakfast cereals and snacks."
29,MaryRuth's,Snack / Grocery,A,6,Instacart Emerging 2025,PepsiCo (Frito-Lay); Mondelez; Kellogg; General Mills; Hershey,Head/VP of Growth; Director of Shopper Marketing; VP Ecommerce; Performance Marketing Lead,Pop can present MaryRuth's as a swap when shoppers add a competitor — brands pay only on receipt-verified conversion.,https://www.maryruthorganics.com/,Yingying Kuang | Karen Trice,VP of Marketing | Director of Shopper Marketing,https://www.linkedin.com/in/yingyingkuang | https://www.linkedin.com/in/karentrice,Vegan Liquid Vitamins & Supplements,"MaryRuth Organics is a health and wellness brand specializing in vegan, non-GMO, and gluten-free vitamins and supplements. The company offers a wide range of products including liquid multivitamins, gummy vitamins, and innovative dissolvable supplement strips designed for infants, toddlers, kids, and adults. Their mission focuses on making wellness products and health education simple and approachable through clean-label ingredients and direct-to-consumer accessibility."
30,Mid-Day Squares,Snack / Grocery,A,6,Instacart Emerging 2025,PepsiCo (Frito-Lay); Mondelez; Kellogg; General Mills; Hershey,Head/VP of Growth; Director of Shopper Marketing; VP Ecommerce; Performance Marketing Lead,Pop can present Mid-Day Squares as a swap when shoppers add a competitor — brands pay only on receipt-verified conversion.,https://www.middaysquares.com/,Liah Gill | Julian Murray,VP Marketing | Marketing Professional | Shopper Marketing,https://ca.linkedin.com/in/liah-gill-21498b91 | https://ca.linkedin.com/in/julian-murray-58b51b1a,Stop hunger and cravings with protein‑packed squares.,"Mid‑Day Squares is a chocolate manufacturer and the creator of the first functional chocolate bar. Their products are designed to curb hunger or cravings between meals, delivering protein, fiber, and flavor in a convenient snack bar format. The brand’s flagship No Bread PB&J and other snack bars are available nationwide, including at Target."
31,Nulo,Snack / Grocery,A,6,Instacart Emerging 2025,PepsiCo (Frito-Lay); Mondelez; Kellogg; General Mills; Hershey,Head/VP of Growth; Director of Shopper Marketing; VP Ecommerce; Performance Marketing Lead,Pop can present Nulo as a swap when shoppers add a competitor — brands pay only on receipt-verified conversion.,https://ec.linkedin.com/company/nulopetfood/?trk=organization-update_share-update_actor-text,,,,"Nulo stands at the forefront of pet nutrition, dedicated to providing foods that fuel a healthy lifestyle for pets and their parents.","Nulo Pet Food is one of the fastest growing premium pet food brands in the United States, offering a range of high‑quality dog and cat foods designed to support a healthy lifestyle for pets and their owners. The company focuses on science‑backed nutrition, innovative formulations, and a strong e‑commerce presence, and recently secured a strategic growth investment from Main Post to accelerate its expansion. Nulo operates across multiple channels including direct‑to‑consumer e‑commerce, retail, and wholesale, positioning itself as a leader in the consumer packaged goods (CPG) pet nutrition market."
32,Nurri,Snack / Grocery,A,6,Instacart Emerging 2025,PepsiCo (Frito-Lay); Mondelez; Kellogg; General Mills; Hershey,Head/VP of Growth; Director of Shopper Marketing; VP Ecommerce; Performance Marketing Lead,Pop can present Nurri as a swap when shoppers add a competitor — brands pay only on receipt-verified conversion.,https://www.nurri.com,,,,Protein-packed drinks for active lifestyles.,"Nurri is a consumer packaged goods brand that offers protein-infused beverages, including ultra-filtered milk shakes and coffee creamers, designed to support fitness and wellness. The brand focuses on clean ingredients, high protein content, and convenient formats for on-the-go consumers."
33,Oats Overnight,Snack / Grocery,A,6,Instacart Emerging 2025,PepsiCo (Frito-Lay); Mondelez; Kellogg; General Mills; Hershey,Head/VP of Growth; Director of Shopper Marketing; VP Ecommerce; Performance Marketing Lead,Pop can present Oats Overnight as a swap when shoppers add a competitor — brands pay only on receipt-verified conversion.,https://www.oatsovernight.com,Karen Trice,"Sr. Manager, Shopper & Retail Marketing",https://www.linkedin.com/in/karentrice,"Nutritious, Delicious, Convenient Oatmeal","Founded in 2016, Oats Overnight is a leading provider of high-protein, spoon-free breakfast solutions. The company specializes in healthy oatmeal packs designed for 'breakfast beyond the bowl' with a focus on whole grains and a wide variety of flavors."
34,Power Up,Snack / Grocery,A,6,Instacart Emerging 2025,PepsiCo (Frito-Lay); Mondelez; Kellogg; General Mills; Hershey,Head/VP of Growth; Director of Shopper Marketing; VP Ecommerce; Performance Marketing Lead,Pop can present Power Up as a swap when shoppers add a competitor — brands pay only on receipt-verified conversion.,https://powerupfoods.com,,,,Caffeinated snacks that power your day.,"Power Up Foods is a consumer‑packaged goods brand that creates vegan, gluten‑free, and keto‑friendly caffeinated snacks. Their flagship products include a line of caffeinated cookies and brownies, as well as protein‑rich donuts and other high‑energy treats. The brand has gained traction through direct‑to‑consumer sales and a rapid retail expansion, launching in 125 Urban Outfitters stores nationwide in 2022 and partnering with other retailers to bring their energizing snacks to a broader audience."
35,Pretzelized,Snack / Grocery,A,6,Instacart Emerging 2025,PepsiCo (Frito-Lay); Mondelez; Kellogg; General Mills; Hershey,Head/VP of Growth; Director of Shopper Marketing; VP Ecommerce; Performance Marketing Lead,Pop can present Pretzelized as a swap when shoppers add a competitor — brands pay only on receipt-verified conversion.,https://pretzelized.com,,,,"Disrupting the pretzel category with bold, crunchy flavors","Pretzelized is a fast‑growing snack brand launched by 7 Mile Brands in April 2024. The company blends the classic pretzel crunch with the versatility of crackers and pita chips, offering Pretzel Crackers and Pretzel Pita Chips that have already secured shelf space in 15,000 retail locations across the United States. In addition to its retail presence, Pretzelized has expanded into the foodservice market with a new 2‑ounce single‑serve pretzel snackers line, positioning itself as a disruptive force in the snack industry."
36,Purely Elizabeth,Snack / Grocery,A,6,Instacart Emerging 2025,PepsiCo (Frito-Lay); Mondelez; Kellogg; General Mills; Hershey,Head/VP of Growth; Director of Shopper Marketing; VP Ecommerce; Performance Marketing Lead,Pop can present Purely Elizabeth as a swap when shoppers add a competitor — brands pay only on receipt-verified conversion.,https://purelyelizabeth.com,Elizabeth Stein | Cara Scovazzo,Founder and CEO | Former Director Of Ecommerce,https://www.linkedin.com/in/elizabeth-stein-3a1b1b1 | https://www.linkedin.com/in/carascovazzo,"Nutritious, high‑quality breakfast foods and snacks","Purely Elizabeth is a natural foods company that creates high‑quality, nutrient‑dense breakfast foods, snacks, and baking products. Founded by Elizabeth Stein, the brand has built a reputation around granola and oatmeal for 17 years and has recently expanded into limited‑edition beauty‑focused products. The company emphasizes clean ingredients, bold flavors, and a commitment to health‑conscious consumers."
37,Rebel,Snack / Grocery,A,6,Instacart Emerging 2025,PepsiCo (Frito-Lay); Mondelez; Kellogg; General Mills; Hershey,Head/VP of Growth; Director of Shopper Marketing; VP Ecommerce; Performance Marketing Lead,Pop can present Rebel as a swap when shoppers add a competitor — brands pay only on receipt-verified conversion.,https://www.rebelcpg.com/,Liv Rebel | Korlin Serauskis | Kristin Schweitzer | Gui Selles,VP of Growth & Partnerships | Vice President of Marketing | Vice President of Sales | CPG | Marketing Operations Specialist,https://www.linkedin.com/in/olivia-rubina-rebeles | https://www.linkedin.com/in/korlin-serauskis-60603759 | https://www.linkedin.com/in/kristin-schweitzer-2491495 | https://ca.linkedin.com/in/guiselles,Canadian Food Product Commercialization Expert,"REBEL CPG provides expert food science and CPG commercialization mentorship in Canada, guiding brands through the entire process from initial recipe development to creating retail-ready products."
38,Recess,Snack / Grocery,A,6,Instacart Emerging 2025,PepsiCo (Frito-Lay); Mondelez; Kellogg; General Mills; Hershey,Head/VP of Growth; Director of Shopper Marketing; VP Ecommerce; Performance Marketing Lead,Pop can present Recess as a swap when shoppers add a competitor — brands pay only on receipt-verified conversion.,https://www.recess.is/,Shaun Brown | Monnica Farag | Andy Cooper,"CEO & Founder | VP, Growth | Senior Account Director",https://www.linkedin.com/in/shaun-brown-ba09003 | https://www.linkedin.com/in/monnicafarag | https://www.linkedin.com/in/andrewscooper5,Sampling & Brand Activation Platform for CPG brands,Recess is a purpose-built brand activation platform designed for CPG marketers to discover unique experiential brand partnerships and sampling opportunities. The platform streamlines the process of marketing and acquiring customers through data-driven audience targeting and performance-focused sampling campaigns.
39,Righteous Felon,Snack / Grocery,A,6,Instacart Emerging 2025,PepsiCo (Frito-Lay); Mondelez; Kellogg; General Mills; Hershey,Head/VP of Growth; Director of Shopper Marketing; VP Ecommerce; Performance Marketing Lead,Pop can present Righteous Felon as a swap when shoppers add a competitor — brands pay only on receipt-verified conversion.,https://www.righteousfelon.com,,,,"Bold, American‑made beef jerky crafted for flavor seekers.","Righteous Felon is a leading American craft jerky company that specializes in high‑quality beef jerky and meat snacks. With over 16 bold and innovative flavors—including the recent Honey Heist BBQ launch—the brand delivers a diverse range of savory, sweet‑and‑salty, and spicy options. Backed by GroundForce Capital, Righteous Felon focuses on artisanal production, natural ingredients, and a strong direct‑to‑consumer presence, positioning itself as a premium choice for snack enthusiasts nationwide."
40,Roots Farm Fresh,Snack / Grocery,A,6,Instacart Emerging 2025,PepsiCo (Frito-Lay); Mondelez; Kellogg; General Mills; Hershey,Head/VP of Growth; Director of Shopper Marketing; VP Ecommerce; Performance Marketing Lead,Pop can present Roots Farm Fresh as a swap when shoppers add a competitor — brands pay only on receipt-verified conversion.,https://rootsfarmfresh.com,,,,"Revolutionizing comfort food with seed‑oil‑free, upcycled organic fries.","Roots Farm Fresh, founded in 2022, is a consumer‑packaged‑goods brand that delivers premium, upcycled, seed‑oil‑free fries made from USDA‑Organic sweet and white potatoes. The brand’s products are gluten‑free, vegan, and free from the top nine allergens, using avocado oil for a healthier alternative to traditional seed oils. With a focus on sustainability, Roots Farm Fresh sources surplus potatoes, reduces food waste, and offers a line of waffle‑style fries that combine convenience with a commitment to clean, plant‑based ingredients."
41,Sanzo,Snack / Grocery,A,6,Instacart Emerging 2025,PepsiCo (Frito-Lay); Mondelez; Kellogg; General Mills; Hershey,Head/VP of Growth; Director of Shopper Marketing; VP Ecommerce; Performance Marketing Lead,Pop can present Sanzo as a swap when shoppers add a competitor — brands pay only on receipt-verified conversion.,https://www.bevnet.com/brands/sanzo,,,,First Asian-inspired sparkling water brand made with real fruit and no added sugar.,"Sanzo is a pioneering sparkling water brand that blends authentic Asian flavors with real fruit extracts, delivering a refreshing beverage experience without any added sugars. Their flagship line celebrates high‑quality Asian ingredients, offering a range of naturally flavored sparkling waters that cater to health‑conscious consumers seeking unique, guilt‑free hydration options."
42,Scott & Jon's,Snack / Grocery,A,6,Instacart Emerging 2025,PepsiCo (Frito-Lay); Mondelez; Kellogg; General Mills; Hershey,Head/VP of Growth; Director of Shopper Marketing; VP Ecommerce; Performance Marketing Lead,Pop can present Scott & Jon's as a swap when shoppers add a competitor — brands pay only on receipt-verified conversion.,https://scottandjons.com/,Scott Demers | Jon Demers,Co-Founder | Co-Founder,Not provided | Not provided,Satisfy your urge to seafood,"Scott & Jon's specializes in premium frozen seafood meals, offering a range of shrimp and salmon bowls designed for convenience and nutrition. Originally founded as Scott & Jon's by Cheating Gourmet, the brand focuses on irresistibly delicious and amazingly quick meals made from premium ingredients."
43,SkinnyDipped,Snack / Grocery,A,6,Instacart Emerging 2025,PepsiCo (Frito-Lay); Mondelez; Kellogg; General Mills; Hershey,Head/VP of Growth; Director of Shopper Marketing; VP Ecommerce; Performance Marketing Lead,Pop can present SkinnyDipped as a swap when shoppers add a competitor — brands pay only on receipt-verified conversion.,http://www.nosh.com/brands/skinnydipped-almonds,Rachel Kusin,Marketing Director,https://www.linkedin.com/in/rachelkusin,Better-for-you snacks and confections,"SkinnyDipped is a female-founded company launched in 2016 that specializes in creating low-sugar, better-for-you snacks. The brand is known for its thin-dipped nuts and chocolate bites, focusing on providing healthier alternatives in the confection and nut category."
44,Solely,Snack / Grocery,A,6,Instacart Emerging 2025,PepsiCo (Frito-Lay); Mondelez; Kellogg; General Mills; Hershey,Head/VP of Growth; Director of Shopper Marketing; VP Ecommerce; Performance Marketing Lead,Pop can present Solely as a swap when shoppers add a competitor — brands pay only on receipt-verified conversion.,http://www.nosh.com/brands/solelyfruit,Nigel Blackhall,VP eCommerce & Sales,https://www.linkedin.com/in/nigelblackhall,"Rethinking every step of how food is developed, grown, sourced, processed, and sold.","Solely is an innovative, people-driven clean food company that specializes in creating organic, clean-label fruit snacks with minimal ingredients. They are recognized as a fast-growing emerging brand in the CPG industry."
45,Somos,Snack / Grocery,A,6,Instacart Emerging 2025,PepsiCo (Frito-Lay); Mondelez; Kellogg; General Mills; Hershey,Head/VP of Growth; Director of Shopper Marketing; VP Ecommerce; Performance Marketing Lead,Pop can present Somos as a swap when shoppers add a competitor — brands pay only on receipt-verified conversion.,https://eatsomos.com/,Ricardo Coulson,Shopper Marketing Manager,https://co.linkedin.com/in/ricardo-coulson-osorio,Authentic Mexican food made plant‑based and ready in ten minutes,"SOMOS Foods delivers Mexican cuisine with authentic recipes crafted from plant‑based, Non‑GMO ingredients. Their product line includes tacos, tostadas, nachos, chilaquiles, and a meal‑kit format that lets consumers assemble a variety of entrees and staples in just ten minutes. The brand emphasizes convenience, health, and sustainability while staying true to traditional Mexican flavors."
46,The Good Crisp Company,Snack / Grocery,A,6,Instacart Emerging 2025,PepsiCo (Frito-Lay); Mondelez; Kellogg; General Mills; Hershey,Head/VP of Growth; Director of Shopper Marketing; VP Ecommerce; Performance Marketing Lead,Pop can present The Good Crisp Company as a swap when shoppers add a competitor — brands pay only on receipt-verified conversion.,https://www.instagram.com/thegoodcrispcompany/?hl=en,,,,"A better-for-everyone, gluten free snack company.","The Good Crisp Company is a clean‑label, gluten‑free snack brand that produces a range of salty chips and snacks. Their products are sold in over 20,000 retail doors across the United States, Canada, Australia, and the United Kingdom, and the company is actively expanding its presence in the U.S. market. Known for high‑quality ingredients and a commitment to better-for-everyone nutrition, The Good Crisp Company offers a portfolio of flavorful, responsibly sourced chips that appeal to health‑conscious consumers."
47,wildwonder,Snack / Grocery,A,6,Instacart Emerging 2025,PepsiCo (Frito-Lay); Mondelez; Kellogg; General Mills; Hershey,Head/VP of Growth; Director of Shopper Marketing; VP Ecommerce; Performance Marketing Lead,Pop can present wildwonder as a swap when shoppers add a competitor — brands pay only on receipt-verified conversion.,https://drinkwildwonder.com,Rosa Li,Founder and CEO,Not provided,The world's first sparkling prebiotic + probiotic beverage,"Wildwonder specializes in creating sparkling prebiotic and probiotic beverages that support gut and immune health. Their products are organic, vegan, and low in sugar, merging flavor, function, and heritage."
48,BARIS,Snack / Grocery,A,5,Startup CPG Expo West 2025,PepsiCo (Frito-Lay); Mondelez; Kellogg; General Mills; Hershey,Head/VP of Growth; Director of Shopper Marketing; VP Ecommerce; Performance Marketing Lead,Pop can present BARIS as a swap when shoppers add a competitor — brands pay only on receipt-verified conversion.,https://everybaris.com/,,,,The Perfect Frozen Treat,"BARIS is a premium frozen treat brand that offers hand‑picked raspberries sourced from Patagonia, dipped in double chocolate and other premium coatings. The brand positions itself as a better‑for‑you snack, combining real fruit with indulgent chocolate for a guilt‑free treat. BARIS has recently launched nationwide at Sprouts Farmers Markets, expanding its flavor lineup to include a matcha‑infused variant."
49,BUBLUV,Snack / Grocery,A,5,Startup CPG Expo West 2025,PepsiCo (Frito-Lay); Mondelez; Kellogg; General Mills; Hershey,Head/VP of Growth; Director of Shopper Marketing; VP Ecommerce; Performance Marketing Lead,Pop can present BUBLUV as a swap when shoppers add a competitor — brands pay only on receipt-verified conversion.,https://bubluv.com/,,,,"With less than 50 calories and no added sugar, BUBLUV Bubble Tea® frees you to drink boba that tastes amazing, without the guilt!","BUBLUV is a consumer packaged goods brand that specializes in ready‑to‑drink, shelf‑stable bubble tea. Their flagship product line offers a better‑for‑you experience with less than 50 calories, no added sugar, and a plant‑based milk option. Distributed through major retailers such as Albertsons, Target, and Giant Food, BUBLUV provides a convenient, guilt‑free boba experience for health‑conscious consumers."
50,Day Out Snacks,Snack / Grocery,A,5,Startup CPG Expo West 2025,PepsiCo (Frito-Lay); Mondelez; Kellogg; General Mills; Hershey,Head/VP of Growth; Director of Shopper Marketing; VP Ecommerce; Performance Marketing Lead,Pop can present Day Out Snacks as a swap when shoppers add a competitor — brands pay only on receipt-verified conversion.,https://dayoutsnacks.com,,,,"Dessert-inspired, plant‑based protein balls for on‑the‑go nutrition.","Day Out Snacks, formerly known as Protein Power Ball, is a pioneering health snack company dedicated to crafting delicious, plant‑based protein balls that taste like dessert. Using clean, plant‑based ingredients, the brand offers convenient, high‑protein snacks designed for active lifestyles, workouts, travel, and everyday snacking."
51,Eat Happy Kitchen,Snack / Grocery,A,5,Startup CPG Expo West 2025,PepsiCo (Frito-Lay); Mondelez; Kellogg; General Mills; Hershey,Head/VP of Growth; Director of Shopper Marketing; VP Ecommerce; Performance Marketing Lead,Pop can present Eat Happy Kitchen as a swap when shoppers add a competitor — brands pay only on receipt-verified conversion.,https://eathappykitchen.com,Anna Vocino,Founder,https://www.linkedin.com/in/annavocino,"All Natural, All Delicious","Eat Happy Kitchen is a woman-owned natural food manufacturing company founded by Anna Vocino, author of the bestselling Eat Happy cookbook series. The brand specializes in gourmet organic sauces, spice mixes, and dressings that contain no added sugar and are gluten-free. In 2025, the company expanded its product line into the snack category with sugar-free, filler-free, high-protein cheese bites, further positioning itself as a premium pantry and snack brand. With a national retail footprint that now includes nearly 500 stores, Eat Happy Kitchen continues to grow its presence across grocery, wholesale, and e-commerce channels."
52,GEEM,Snack / Grocery,A,5,Startup CPG Expo West 2025,PepsiCo (Frito-Lay); Mondelez; Kellogg; General Mills; Hershey,Head/VP of Growth; Director of Shopper Marketing; VP Ecommerce; Performance Marketing Lead,Pop can present GEEM as a swap when shoppers add a competitor — brands pay only on receipt-verified conversion.,https://eatgeem.com/,Candice Choi,Founder,https://www.linkedin.com/posts/candicejchoi_geem-is-now-in-all-whole-foods-midwest-activity-7353452796752326657-UGlU,Join the Seaweed Revolution,"Geem offers Korean seaweed snacks with a Western twist, focusing on modern takes on traditional recipes that are sustainable and healthy."
53,Growee Foods,Snack / Grocery,A,5,Startup CPG Expo West 2025,PepsiCo (Frito-Lay); Mondelez; Kellogg; General Mills; Hershey,Head/VP of Growth; Director of Shopper Marketing; VP Ecommerce; Performance Marketing Lead,Pop can present Growee Foods as a swap when shoppers add a competitor — brands pay only on receipt-verified conversion.,https://groweefoods.com,Aman Blana,Founder,https://startupcpg.com/blog/founder-feature-aman-blana-of-growee-foods/,Bold dips. Mild regrets. Globally seasoned.,"Growee Foods is a plant-based, all-natural dip and spread company based in Atlanta, GA. Their products are crafted from fresh vegetables, seeds, and spices, and are available in three globally inspired, award-winning flavors. The brand focuses on increasing freshness in the dips and salsa category and partners with retailers such as Whole Foods, Fresh Thyme, Faire Wholesale, FreshDirect, and Deciccos."
54,Holy! Water,Beverage,A,5,Startup CPG Expo West 2025,Coca-Cola; PepsiCo; LaCroix/Spindrift-style sparkling; Gatorade/Powerade; Vitaminwater,Head/VP of Growth; Director of Shopper Marketing; VP Ecommerce; Performance Marketing Lead,"When a shopper adds a competing drink to their grocery list, Pop can suggest Holy! Water with a rebate — pay only on receipt-verified purchase.",https://enjoyholywater.com,,,,"Premium functional tonics blending adaptogens, nootropics, and mushrooms","Holy! Water is a female‑founded, PhD‑led functional beverage brand that creates premium tonics combining adaptogens, nootropics, functional mushrooms, and ketones. The drinks are designed as clean, effective alternatives to caffeine, energy drinks, and alcohol, offering mindful wellness benefits in a flavorful, functional format."
55,Hotpot Queen,Snack / Grocery,A,5,Startup CPG Expo West 2025,PepsiCo (Frito-Lay); Mondelez; Kellogg; General Mills; Hershey,Head/VP of Growth; Director of Shopper Marketing; VP Ecommerce; Performance Marketing Lead,Pop can present Hotpot Queen as a swap when shoppers add a competitor — brands pay only on receipt-verified conversion.,https://hotpotqueen.com,,,,Delicious and Authentic Chinese Sauces and Noodles,"Hotpot Queen is a Seattle‑based brand that delivers a mouth‑watering range of authentic Chinese sauces, noodles, and hotpot kits crafted with the freshest ingredients. Their product line includes signature sauces such as Chongqing Chili Crisp, Sichuan Spicy Hotpot Soup Base, and mushroom‑infused hotpot kits, all designed to bring the vibrant flavors of China to home kitchens."
56,House of Kajaana,Snack / Grocery,A,5,Startup CPG Expo West 2025,PepsiCo (Frito-Lay); Mondelez; Kellogg; General Mills; Hershey,Head/VP of Growth; Director of Shopper Marketing; VP Ecommerce; Performance Marketing Lead,Pop can present House of Kajaana as a swap when shoppers add a competitor — brands pay only on receipt-verified conversion.,https://www.houseofkajaana.com,Sabah Ashraf,Founder,https://www.linkedin.com/in/sabahashraf,Dinner decisions on auto-pilot.,"Founded in 2021, House of Kajaana is a premium frozen food brand specializing in high-quality, plant-forward Indian meals. The company focuses on modernizing the frozen aisle with carefully crafted dishes made from high-quality ingredients."
57,Häppy Candy,Snack / Grocery,A,5,Startup CPG Expo West 2025,PepsiCo (Frito-Lay); Mondelez; Kellogg; General Mills; Hershey,Head/VP of Growth; Director of Shopper Marketing; VP Ecommerce; Performance Marketing Lead,Pop can present Häppy Candy as a swap when shoppers add a competitor — brands pay only on receipt-verified conversion.,https://happycandy.com,Maxi Heidenblut,Founder,https://startupcpg.transistor.fm/episodes/founder-feature-maxi-heidenblut-of-happy-candy/transcript,Better-for-you gummies with 70% less sugar,"Häppy Candy creates healthier gummy candies that contain 70% less sugar than traditional gummies, using natural flavors and colors while rejecting alternative sweeteners. The brand focuses on providing indulgent treats that are kinder to the body, appealing to consumers who want a guilt‑free snacking experience."
58,KOKONUT,Snack / Grocery,A,5,Startup CPG Expo West 2025,PepsiCo (Frito-Lay); Mondelez; Kellogg; General Mills; Hershey,Head/VP of Growth; Director of Shopper Marketing; VP Ecommerce; Performance Marketing Lead,Pop can present KOKONUT as a swap when shoppers add a competitor — brands pay only on receipt-verified conversion.,https://www.kokonutdessert.com,Jiahuizi Xiong,Co-founder,https://www.facebook.com/KlimsonLogisticsSolutions/posts/together-talks-178-kokonutdessert-and-co-founder-jiahuizi-xionga-really-fun-conv/122209847306099494/,Curating moments of guiltless escapes,"KOKONUT offers premium, plant-based coconut desserts inspired by rich Asian flavors. Their products include vegan, gluten-free puddings that deliver a creamy texture and authentic taste."
59,Leisure Hydration,Beverage,A,5,Startup CPG Expo West 2025,Coca-Cola; PepsiCo; LaCroix/Spindrift-style sparkling; Gatorade/Powerade; Vitaminwater,Head/VP of Growth; Director of Shopper Marketing; VP Ecommerce; Performance Marketing Lead,"When a shopper adds a competing drink to their grocery list, Pop can suggest Leisure Hydration with a rebate — pay only on receipt-verified purchase.",https://leisureproject.co,Matt Holden,Founder/Representative,https://www.tryglimpse.com/post/how-leisure-hydration-went-from-local-demos-to-a-national-whole-foods-launch,Hydration for the Creative Mind,"Leisure Hydration, produced by DYB + KYP LLC, is a functional beverage brand that has expanded from local demos to national distribution in retailers like Whole Foods. The brand focuses on hydration solutions designed for modern lifestyles."
60,Masala Gossip,Snack / Grocery,A,5,Startup CPG Expo West 2025,PepsiCo (Frito-Lay); Mondelez; Kellogg; General Mills; Hershey,Head/VP of Growth; Director of Shopper Marketing; VP Ecommerce; Performance Marketing Lead,Pop can present Masala Gossip as a swap when shoppers add a competitor — brands pay only on receipt-verified conversion.,https://masalagossip.com/,,,,Flavors Worth Talking About,"Masala Gossip celebrates the joy of cooking and connection by making high‑quality Indian flavors an essential part of everyday meals for families. The brand offers a range of authentic sauces, simmer blends, and chili crisps that bring vibrant, restaurant‑style taste to home kitchens."
61,Modica,Snack / Grocery,A,5,Startup CPG Expo West 2025,PepsiCo (Frito-Lay); Mondelez; Kellogg; General Mills; Hershey,Head/VP of Growth; Director of Shopper Marketing; VP Ecommerce; Performance Marketing Lead,Pop can present Modica as a swap when shoppers add a competitor — brands pay only on receipt-verified conversion.,https://www.drinkmodica.com,"Mindful Beverage Group, LLC",Parent Company,270.792.0422,Premium cocktail and mocktail mixers fortified with vitamins and electrolytes.,"Modica, a brand under Mindful Beverage Group, LLC, specializes in creating high-quality cocktail and mocktail mixers that are enriched with essential vitamins and electrolytes. Designed for health-conscious consumers and mixology enthusiasts alike, Modica’s product line offers a convenient way to elevate drinks with added nutritional benefits. With a focus on clean ingredients and bold flavors, Modica delivers mixers that cater to both traditional cocktails and modern, wellness-oriented beverage trends."
62,My Better Batch,Snack / Grocery,A,5,Startup CPG Expo West 2025,PepsiCo (Frito-Lay); Mondelez; Kellogg; General Mills; Hershey,Head/VP of Growth; Director of Shopper Marketing; VP Ecommerce; Performance Marketing Lead,Pop can present My Better Batch as a swap when shoppers add a competitor — brands pay only on receipt-verified conversion.,https://mybetterbatch.com,,,,"Premium, non‑GMO cookie mixes that bring bakery‑quality to your kitchen.","My Better Batch is a women‑owned baking brand that creates high‑quality, easy‑to‑bake cookie mixes made with non‑GMO ingredients. Since its launch, the company has expanded its presence to Sprouts Farmers Market nationwide, landed in major retailers such as Costco and Target, and now offers its products in over 5,000 stores. The brand focuses on delivering a convenient, flavorful baking experience while maintaining a commitment to quality and sustainability."
63,NOON,Snack / Grocery,A,5,Startup CPG Expo West 2025,PepsiCo (Frito-Lay); Mondelez; Kellogg; General Mills; Hershey,Head/VP of Growth; Director of Shopper Marketing; VP Ecommerce; Performance Marketing Lead,Pop can present NOON as a swap when shoppers add a competitor — brands pay only on receipt-verified conversion.,https://www.noonworld.com,,,,Performance-driven cognitive wellness brand,"NOON is a performance wellness company that blends science-backed, plant-powered ingredients to create cognitive wellness products. Founded by Jane, who built the formulas from scratch using clinical research and traditional wisdom, NOON offers a range of products from dried blends for homemade-ish salad dressings to plant-based supplements designed to enhance mind and mood. The brand has recently expanded its reach by entering 104 Walmart stores across the West Coast and Hawaii, bringing its cognitive wellness solutions to a broader consumer base."
64,PLINK!,Snack / Grocery,A,5,Startup CPG Expo West 2025,PepsiCo (Frito-Lay); Mondelez; Kellogg; General Mills; Hershey,Head/VP of Growth; Director of Shopper Marketing; VP Ecommerce; Performance Marketing Lead,Pop can present PLINK! as a swap when shoppers add a competitor — brands pay only on receipt-verified conversion.,https://drinkplink.com/,,,,The best tasting electrolyte tablets on the planet.,"PLINK! Hydration offers a line of fruity, fizzy electrolyte tablets that deliver 3x essential electrolytes per serving. Each tablet is non‑GMO, contains only 1 g of sugar, is keto‑friendly, and provides just 10 calories. Positioned between extreme hydration options and legacy water enhancers, PLINK! focuses on flavor first while delivering effective hydration for athletes, fitness enthusiasts, and everyday consumers."
65,Pricklee,Snack / Grocery,A,5,Startup CPG Expo West 2025,PepsiCo (Frito-Lay); Mondelez; Kellogg; General Mills; Hershey,Head/VP of Growth; Director of Shopper Marketing; VP Ecommerce; Performance Marketing Lead,Pop can present Pricklee as a swap when shoppers add a competitor — brands pay only on receipt-verified conversion.,https://www.drinkpricklee.com,Brittany Wengel,Strategic Brand & Marketing Advisor,https://www.linkedin.com/in/brittanywengel,Natural Hydration Drink,"Pricklee is a beverage company that specializes in producing natural hydration drinks made from the prickly pear cactus. Originally launched as a cactus water brand, the company recently rebranded to focus on replacing artificial hydration with clean, plant-based ingredients."
66,RINGA,Snack / Grocery,A,5,Startup CPG Expo West 2025,PepsiCo (Frito-Lay); Mondelez; Kellogg; General Mills; Hershey,Head/VP of Growth; Director of Shopper Marketing; VP Ecommerce; Performance Marketing Lead,Pop can present RINGA as a swap when shoppers add a competitor — brands pay only on receipt-verified conversion.,https://www.ringa.com,,,,"Plant‑powered, nutrient‑dense holistic hydration","RINGA™ is a consciously crafted, plant‑powered hydration brand that delivers the benefits of raw apple cider vinegar (ACV) in a delicious, nutrient‑dense formula. The drinks are vegan, allergen‑free, and designed to support overall wellness with a focus on natural ingredients and sustainability. As a 1% for the planet member, RINGA is committed to quality, integrity, and environmental stewardship."
67,S’NOODS,Snack / Grocery,A,5,Startup CPG Expo West 2025,PepsiCo (Frito-Lay); Mondelez; Kellogg; General Mills; Hershey,Head/VP of Growth; Director of Shopper Marketing; VP Ecommerce; Performance Marketing Lead,Pop can present S’NOODS as a swap when shoppers add a competitor — brands pay only on receipt-verified conversion.,https://www.eatsnoods.com/,Lauryn Bodden,Founder,Not specified,Everyone's Favorite Noodle Chips,"S'NOODS is a CPG snack brand that creates gluten-free noodle chips inspired by global flavors. Founded by Lauryn Bodden, the company transforms traditional pasta and noodle concepts into crunchy, shelf-stable snacks available in retail stores and online."
68,The Chai Box,Snack / Grocery,A,5,Startup CPG Expo West 2025,PepsiCo (Frito-Lay); Mondelez; Kellogg; General Mills; Hershey,Head/VP of Growth; Director of Shopper Marketing; VP Ecommerce; Performance Marketing Lead,Pop can present The Chai Box as a swap when shoppers add a competitor — brands pay only on receipt-verified conversion.,https://thechaibox.com/,,,,Women-owned small-batch chai company,"The Chai Box is a women-owned small-batch chai company that sources single-origin spices from family-owned farms in India. The brand focuses on sustainability, including composting chai production, and offers traditional and premium chai blends that have earned national recognition such as being featured on Oprah's Favorite Things. The Chai Box has expanded its reach through major retailers like Costco and offers curated gift sets for occasions such as Mother’s Day."
69,The Greater Knead,Snack / Grocery,A,5,Startup CPG Expo West 2025,PepsiCo (Frito-Lay); Mondelez; Kellogg; General Mills; Hershey,Head/VP of Growth; Director of Shopper Marketing; VP Ecommerce; Performance Marketing Lead,Pop can present The Greater Knead as a swap when shoppers add a competitor — brands pay only on receipt-verified conversion.,http://www.nosh.com/brands/the-greater-knead,Craig F. (Craig Franzblau),CPG Brand Management | Omni-Channel,https://linkedin.com/in/craigfranzblau,Certified gluten‑free and allergen‑free self‑manufacturer for private label and co‑packing.,"The Greater Knead is a certified gluten‑free and allergen‑free self‑manufacturer that specializes in NY‑style bagels and soft pretzel nuggets. Leveraging advanced baking techniques, the company offers private‑label and co‑packing services to brands seeking high‑quality, safe baked goods. Recent packaging refreshes and texture improvements underscore its commitment to product excellence and consumer safety."
70,TruJoy Yogurt,Dairy / Frozen Treats,A,5,Startup CPG Expo West 2025,Danone; General Mills; Nestlé; Unilever; Chobani,Head/VP of Growth; Director of Shopper Marketing; VP Ecommerce; Performance Marketing Lead,Intercept shoppers at list-build time and offer TruJoy Yogurt as a swap vs an incumbent — pay only on receipt-verified purchase.,https://www.nosh.com/brands/trujoy-yogurt,Charlie Gentry,Founder/Representative,https://www.linkedin.com/posts/charlie-gentry-1382b7b2_im-thrilled-to-announce-that-trujoy-yogurt-activity-7324108637801512961--5Py,"Simple, Natural & Timeless Ingredients","TruJoy Yogurt specializes in creating frozen Greek yogurt that is high in protein, contains live probiotic cultures, and is naturally gluten-free. It is positioned as an elevated frozen dessert that is as delicious as it is nutritious."
71,Twisted Alchemy,Beverage,A,5,Startup CPG Expo West 2025,Coca-Cola; PepsiCo; LaCroix/Spindrift-style sparkling; Gatorade/Powerade; Vitaminwater,Head/VP of Growth; Director of Shopper Marketing; VP Ecommerce; Performance Marketing Lead,"When a shopper adds a competing drink to their grocery list, Pop can suggest Twisted Alchemy with a rebate — pay only on receipt-verified purchase.",https://www.twistedalchemy.com,Kim Holstein | Scott Holstein,Co-Founder | Co-Founder,https://www.linkedin.com/in/kimholstein | https://www.linkedin.com/in/scottholstein,Elevate your spirits with cold-pressed juice for craft cocktails.,"Twisted Alchemy is a leading supplier of cold-pressed juices specifically designed for craft cocktails. Serving bars, restaurants, and hotels, the company provides high-quality, fresh juices with no added sugar to streamline beverage programs and ensure consistency."
72,WHIMS Delights,Snack / Grocery,A,5,Startup CPG Expo West 2025,PepsiCo (Frito-Lay); Mondelez; Kellogg; General Mills; Hershey,Head/VP of Growth; Director of Shopper Marketing; VP Ecommerce; Performance Marketing Lead,Pop can present WHIMS Delights as a swap when shoppers add a competitor — brands pay only on receipt-verified conversion.,https://www.whimsdelights.com/,,,,"Permissible indulgence: 1 g sugar, no palm oil, plant‑based candy.","Whims Delights is a plant‑based confectionery brand that redefines indulgence with low‑sugar, dairy‑free candy bars. Their flagship products include oat‑milk chocolate peanut butter cups, oat‑milk chocolate caramel cookie bars, and oat‑milk chocolate peanut nougat bars, each crafted with 88 % less sugar than leading competitors while avoiding palm oil, sugar alcohols, and animal dairy. The brand emphasizes sustainable sourcing, clean ingredients, and a modern, health‑conscious approach to sweet treats."
73,88 Acres,Snack / Grocery,A,4,,PepsiCo (Frito-Lay); Mondelez; Kellogg; General Mills; Hershey,Head/VP of Growth; Director of Shopper Marketing; VP Ecommerce; Performance Marketing Lead,Pop can present 88 Acres as a swap when shoppers add a competitor — brands pay only on receipt-verified conversion.,http://www.nosh.com/brands/88-acres,Nicole Ledoux | Maile Buker,Co-Founder | Fractional Chief Marketing Officer / Advisor,https://blog.misfitsmarket.com/meet-nicole-ledoux-co-founder-of-88-acres/ | https://www.linkedin.com/in/mailebuker,"Seed-based snack foods made with real, simple, whole ingredients.","88 Acres is a Boston-based seed-based snack food company that creates a range of wholesome products using only real, simple, whole ingredients. Their portfolio includes seed-based bars, seed butters, and granolas that combine whole seeds such as pumpkin, sunflower, and flax with minimal, clean ingredients."
74,A Dozen Cousins,Snack / Grocery,A,4,,PepsiCo (Frito-Lay); Mondelez; Kellogg; General Mills; Hershey,Head/VP of Growth; Director of Shopper Marketing; VP Ecommerce; Performance Marketing Lead,Pop can present A Dozen Cousins as a swap when shoppers add a competitor — brands pay only on receipt-verified conversion.,https://adozencousins.com/,,,,Ready-to-eat culturally authentic foods for every table.,"A Dozen Cousins is a Black-owned brand that brings the flavors of Creole, Caribbean, and Latin American cuisine to the modern kitchen. Founded in 2018 by Basir, the company offers a range of ready-to-eat products—including beans, rice, and seasoned sauces—that celebrate family traditions and cultural heritage. Each item is crafted with natural ingredients and authentic recipes, providing convenient, flavorful meals for busy households."
75,A-Sha,Snack / Grocery,A,4,,PepsiCo (Frito-Lay); Mondelez; Kellogg; General Mills; Hershey,Head/VP of Growth; Director of Shopper Marketing; VP Ecommerce; Performance Marketing Lead,Pop can present A-Sha as a swap when shoppers add a competitor — brands pay only on receipt-verified conversion.,https://ashadrynoodle.com,,,,"High‑quality, air‑dried ramen noodles for the health‑conscious consumer","A‑Sha Foods is a consumer‑packaged goods (CPG) company that produces premium, air‑dried ramen noodles. The brand emphasizes clean ingredients, bold flavors, and convenient, shelf‑stable packaging. A‑Sha has gained attention through creative pop‑culture collaborations, such as its SpongeBob SquarePants‑inspired ramen cups, and partners with retailers for private‑label innovation."
76,AG1,Snack / Grocery,A,4,,PepsiCo (Frito-Lay); Mondelez; Kellogg; General Mills; Hershey,Head/VP of Growth; Director of Shopper Marketing; VP Ecommerce; Performance Marketing Lead,Pop can present AG1 as a swap when shoppers add a competitor — brands pay only on receipt-verified conversion.,https://drinkag1.com,Dan Tramontozzi | Arselie Miller | Jeanessa Sugg,"VP of Growth | Senior Manager, Shopper Marketing | Commerce Strategy | Shopper Marketing",https://www.linkedin.com/in/dan-tramontozzi | https://www.linkedin.com/in/arselie-miller | https://www.linkedin.com/in/jeanessasugg,"Daily health drink with 75+ vitamins, minerals, superfoods, probiotics and adaptogens.","AG1 is a holistic wellness brand specializing in a comprehensive daily nutritional supplement containing 75+ essential nutrients. Originally known for its core greens powder, the company has expanded its product ecosystem to include Next-Gen flavors like Tropical and Citrus, as well as a dedicated sleep supplement called AGZ. The brand focuses on science-backed health solutions for energy, recovery, and overall performance, and is expanding its retail presence through partners like The Vitamin Shoppe."
77,AHA,Snack / Grocery,A,4,,PepsiCo (Frito-Lay); Mondelez; Kellogg; General Mills; Hershey,Head/VP of Growth; Director of Shopper Marketing; VP Ecommerce; Performance Marketing Lead,Pop can present AHA as a swap when shoppers add a competitor — brands pay only on receipt-verified conversion.,https://ahamarketing.com,Laurel Rundle | Austin Merritt,Founder / CPG Sampling Expert | Chief Product Officer,https://www.linkedin.com/in/laurelrundle | https://www.linkedin.com/in/austinmerritt,Connecting brands with consumers through trusted professional channels,"Aha Marketing is a CPG marketing agency specializing in venue-based sampling and strategic partnerships. Since 2011, they have focused on turning product trial into content wins by leveraging the relationship between brands and venue partners."
78,Abe's Muffins,Snack / Grocery,A,4,,PepsiCo (Frito-Lay); Mondelez; Kellogg; General Mills; Hershey,Head/VP of Growth; Director of Shopper Marketing; VP Ecommerce; Performance Marketing Lead,Pop can present Abe's Muffins as a swap when shoppers add a competitor — brands pay only on receipt-verified conversion.,https://abes-muffins.com,,,,"Best-selling vegan, allergy-friendly muffins.","Abe's Muffins is a leading vegan and allergy-friendly baked goods brand that offers a range of muffins made with wholesome, plant‑based ingredients. The company operates a dedicated school‑friendly facility that ensures safe, allergen‑free production, and has expanded its distribution to major retailers such as Kroger, Wegmans, and other national chains. Abe's is also committed to sustainability, having transitioned from plastic to recyclable paperboard packaging to reduce its environmental footprint."
79,Abe's Vegan Muffins,Snack / Grocery,A,4,,PepsiCo (Frito-Lay); Mondelez; Kellogg; General Mills; Hershey,Head/VP of Growth; Director of Shopper Marketing; VP Ecommerce; Performance Marketing Lead,Pop can present Abe's Vegan Muffins as a swap when shoppers add a competitor — brands pay only on receipt-verified conversion.,https://www.abesveganmuffins.com,,,,"Vegan, nut‑free baked goods for everyone","Abe's Vegan Muffins is a plant‑based bakery that specializes in vegan, nut‑free, and allergy‑friendly baked goods. Their menu includes a variety of muffins, cakes, and celebration treats made with wholesome ingredients and free from common allergens, making them a popular choice for people with dietary restrictions and for parties that require allergy‑aware options."
80,Acai Roots,Snack / Grocery,A,4,,PepsiCo (Frito-Lay); Mondelez; Kellogg; General Mills; Hershey,Head/VP of Growth; Director of Shopper Marketing; VP Ecommerce; Performance Marketing Lead,Pop can present Acai Roots as a swap when shoppers add a competitor — brands pay only on receipt-verified conversion.,https://www.acairoots.com,,,,Premium açaí products for health-conscious consumers.,"Acai Roots specializes in high-quality açaí products, offering a range of sorbets, beverages, and superfoods. Their offerings are vegan-friendly, non‑GMO, and certified organic, catering to consumers seeking nutritious, plant‑based options."
81,Acid League,Snack / Grocery,A,4,,PepsiCo (Frito-Lay); Mondelez; Kellogg; General Mills; Hershey,Head/VP of Growth; Director of Shopper Marketing; VP Ecommerce; Performance Marketing Lead,Pop can present Acid League as a swap when shoppers add a competitor — brands pay only on receipt-verified conversion.,https://www.acidleague.com,,,,A modern pantry brand reinventing acid-based products.,"Acid League is a science-driven food and beverage company that specializes in reinventing vinegar and other acid-based pantry staples. They offer a range of living vinegars, vinaigrettes, hot sauces, condiments, and beverages designed with a focus on flavor and culinary innovation."
82,Actual Veggies,Snack / Grocery,A,4,,PepsiCo (Frito-Lay); Mondelez; Kellogg; General Mills; Hershey,Head/VP of Growth; Director of Shopper Marketing; VP Ecommerce; Performance Marketing Lead,Pop can present Actual Veggies as a swap when shoppers add a competitor — brands pay only on receipt-verified conversion.,https://actualveggies.com/,Maya Kaimal | Fiona Windsor,Collaborator/Partner | Chief Operating Officer | Advisory Board,https://www.foodbusinessnews.net/articles/28857-actual-veggies-collaboration-focuses-on-global-cuisine | https://au.linkedin.com/in/fionawindsor,"Chef‑crafted, colorful veggie burgers and super fries that taste like real food.","Actual Veggies creates chef‑crafted, naturally colorful vegetable burgers, cheese‑style veggie burgers, and super fries made with fresh vegetables. Their plant‑based products are designed to taste like real food and are sold nationwide in grocery stores and online. The brand has recently expanded into the kids’ aisle with dinosaur‑shaped vegetable nuggets and continues to innovate with global‑cuisine inspired offerings."
83,Alani Nu,Snack / Grocery,A,4,,PepsiCo (Frito-Lay); Mondelez; Kellogg; General Mills; Hershey,Head/VP of Growth; Director of Shopper Marketing; VP Ecommerce; Performance Marketing Lead,Pop can present Alani Nu as a swap when shoppers add a competitor — brands pay only on receipt-verified conversion.,https://www.alaninu.com,Katy Hearn,Founder,https://www.linkedin.com/posts/maxbaumann_most-energy-drink-brands-were-built-for-men-activity-7374912673836290048-aMiF,A health and wellness brand for women,"Founded in 2018 by Katy Hearn, Alani Nu is a health and wellness brand that specializes in energy drinks and supplements. The brand was created to provide a female-focused alternative to traditional energy drink brands, moving away from aggressive branding toward a more inclusive aesthetic."
84,Alden's Organic,Snack / Grocery,A,4,,PepsiCo (Frito-Lay); Mondelez; Kellogg; General Mills; Hershey,Head/VP of Growth; Director of Shopper Marketing; VP Ecommerce; Performance Marketing Lead,Pop can present Alden's Organic as a swap when shoppers add a competitor — brands pay only on receipt-verified conversion.,https://www.nosh.com/brands/aldens-organic-ice-cream,,,,"Crafted to be creamy and melt-in-your-mouth amazing, Alden's Organic Dairy Free serves up true-to-flavor taste and texture.","Alden's Organic is a premium plant‑based ice cream brand that offers a range of dairy‑free, organic flavors crafted from high‑quality ingredients. Founded in 2004 and based in Oregon, the company produces creamy, melt‑in‑your‑mouth desserts that cater to health‑conscious consumers and those with dietary restrictions. Their product line includes classic vanilla, chocolate, and seasonal flavors such as Peachy Keen Twist, Ooey Gooey Brownie, and other innovative plant‑based options."
85,Alec's Ice Cream,Dairy / Frozen Treats,A,4,,Danone; General Mills; Nestlé; Unilever; Chobani,Head/VP of Growth; Director of Shopper Marketing; VP Ecommerce; Performance Marketing Lead,Intercept shoppers at list-build time and offer Alec's Ice Cream as a swap vs an incumbent — pay only on receipt-verified purchase.,https://www.alecsicecream.com/,Devon Steinberg,Influencer Marketing Specialist,https://www.linkedin.com/in/devon-steinberg-98392428,Regenerative organic ice cream made with A2 dairy.,"Alec's Ice Cream is a California‑based brand dedicated to creating healthier, planet‑friendly ice cream. Using regenerative organic ingredients and 100% A2 dairy, the company offers a range of unique, sustainably sourced flavors that appeal to health‑conscious and environmentally aware consumers. Their mission is to combine taste, nutrition, and regenerative agriculture to deliver a product that benefits both people and the planet."
86,Alexandre Family Farm,Snack / Grocery,A,4,,PepsiCo (Frito-Lay); Mondelez; Kellogg; General Mills; Hershey,Head/VP of Growth; Director of Shopper Marketing; VP Ecommerce; Performance Marketing Lead,Pop can present Alexandre Family Farm as a swap when shoppers add a competitor — brands pay only on receipt-verified conversion.,https://alexandrefamilyfarm.com,,,,America's first certified regenerative dairy farm,"Alexandre Family Farm is a regenerative certified dairy farm dedicated to producing nutrient‑dense, organic A2/A2 milk and eggs. Founded in 2017, the farm pioneered a branded regenerative dairy line and has partnered with brands such as Alec’s Ice Cream. Their commitment to regenerative agriculture, animal welfare, and sustainable practices has positioned them as a leader in the clean‑label, high‑quality dairy market."
87,Alexia,Snack / Grocery,A,4,,PepsiCo (Frito-Lay); Mondelez; Kellogg; General Mills; Hershey,Head/VP of Growth; Director of Shopper Marketing; VP Ecommerce; Performance Marketing Lead,Pop can present Alexia as a swap when shoppers add a competitor — brands pay only on receipt-verified conversion.,https://www.alexiafoods.com,Alexia Wharton | Alexia Leonard | Alexia Niparko,Leadership | Marketing Exec | Brand Manager | CPG Professional,https://ca.linkedin.com/in/alexiawharton | https://uk.linkedin.com/in/alexia-leonard-620a7064 | https://littlegreensteps.substack.com,Here's to Taste Buds,"Alexia Foods is a premium frozen food brand specializing in high-quality potato products and side dishes. A subsidiary of ConAgra Foods, the brand is known for its commitment to non-GMO ingredients and gourmet-inspired flavors."
88,Aloha,Snack / Grocery,A,4,,PepsiCo (Frito-Lay); Mondelez; Kellogg; General Mills; Hershey,Head/VP of Growth; Director of Shopper Marketing; VP Ecommerce; Performance Marketing Lead,Pop can present Aloha as a swap when shoppers add a competitor — brands pay only on receipt-verified conversion.,https://aloha.com,Jordan Finger,Head of Growth Marketing,https://linkedin.com/in/jordanfinger,The Better Plant-Based Protein Brand,"Aloha is a plant‑based protein company that offers USDA‑Organic, Non‑GMO Project Verified bars, shakes, and powders made with real, clean ingredients. Their products are vegan, gluten‑free, soy‑free, dairy‑free, lactose‑free, stevia‑free, high‑protein, and kosher certified, designed to provide convenient, tasty nutrition for active lifestyles."
89,Alpha Foods,Pantry / Condiments,A,4,,Kraft Heinz; McCormick; Unilever; Conagra; Campbell,Head/VP of Growth; Director of Shopper Marketing; VP Ecommerce; Performance Marketing Lead,"When a shopper adds an incumbent pantry item, Pop can suggest Alpha Foods as a swap with a rebate — pay only on verified purchase.",http://www.eatalphafoods.com,Kierstin De West | Adrianne DeLuca,VP of Marketing | Reporter/Contributor,https://ca.linkedin.com/in/kierstin-de-west-a28632 | N/A,"Alpha Foods delivers plant‑based, protein‑rich convenience foods.","Alpha Foods is a plant-based food manufacturer specializing in convenient, protein-rich products such as burritos, nuggets, and meal starters. The company focuses on high-quality meat alternatives and has recently undergone a brand renovation following its acquisition by LiveKindly."
90,Alter Eco,Snack / Grocery,A,4,,PepsiCo (Frito-Lay); Mondelez; Kellogg; General Mills; Hershey,Head/VP of Growth; Director of Shopper Marketing; VP Ecommerce; Performance Marketing Lead,Pop can present Alter Eco as a swap when shoppers add a competitor — brands pay only on receipt-verified conversion.,http://www.nosh.com/brands/alter-eco-foods,Pilar Ochi | Madison Asher Woods | Lucie Gelebert,Brand Messaging / Marketing Executive | Associate Creative Director | Category Manager,https://modernspecies.com/brands-for-a-better-world-podcast/2021-hits-prioritizing-brand-messaging-pilar-ochi-alter-eco | https://www.linkedin.com/in/madison-asher-woods-33784756 | https://fr.linkedin.com/in/luciegelebert,"A chocolate-centric, sustainability-directed food company that takes indulgence to a new level.","Alter Eco is a pioneer and leader in fair trade and organic chocolate. Recognized as a top certified Benefit Corporation, the company focuses on climate action, clean ingredients, and sustainable packaging, including compostable wrappers for their truffles."
91,Angie's BOOMCHICKAPOP,Snack / Grocery,A,4,,PepsiCo (Frito-Lay); Mondelez; Kellogg; General Mills; Hershey,Head/VP of Growth; Director of Shopper Marketing; VP Ecommerce; Performance Marketing Lead,Pop can present Angie's BOOMCHICKAPOP as a swap when shoppers add a competitor — brands pay only on receipt-verified conversion.,http://www.nosh.com/brands/boom-chicka-pop,Allen Gerten | Sarah Capurro | Emily Fulford,"Executive Vice President - Commercialization | National Sales | Brand Manager - Snacks, Popcorn",https://www.linkedin.com/in/allengerten | https://www.linkedin.com/in/sarahreynolds | https://ca.linkedin.com/in/emily-fulford-55100414,"Real, simple ingredients. Big flavor.","Angie's BOOMCHICKAPOP is a snack food brand specializing in gluten-free, Non-GMO popcorn. The company offers a variety of ready-to-eat, microwave, and seasonal flavored popcorn products made with whole grains and high-quality ingredients."
92,Annie Chun's,Snack / Grocery,A,4,,PepsiCo (Frito-Lay); Mondelez; Kellogg; General Mills; Hershey,Head/VP of Growth; Director of Shopper Marketing; VP Ecommerce; Performance Marketing Lead,Pop can present Annie Chun's as a swap when shoppers add a competitor — brands pay only on receipt-verified conversion.,https://www.nosh.com/brands/annie-chuns,,,,Authentic Asian foods made easy,"Annie Chun's Gourmet Foods delivers healthy, authentic Asian foods to Western consumers, aiming to make Asian cooking simple and convenient. The brand offers a range of ready‑to‑eat products, including seaweed snacks, Asian entrees, and organic seaweed varieties, all crafted with quality ingredients and a focus on flavor authenticity."
93,Applegate,Snack / Grocery,A,4,,PepsiCo (Frito-Lay); Mondelez; Kellogg; General Mills; Hershey,Head/VP of Growth; Director of Shopper Marketing; VP Ecommerce; Performance Marketing Lead,Pop can present Applegate as a swap when shoppers add a competitor — brands pay only on receipt-verified conversion.,https://applegate.com/,Natalia Hrybowych | Heather Tchir,"Client Insights, Sales Strategy, and Shopper Marketing | Creative Leader",https://www.linkedin.com/in/natalia-hrybowych-78a5941 | https://www.linkedin.com/in/heathertchir,Natural and Organic Meat,"Applegate Farms, LLC has been delivering natural and organic meat products since 1987. The company is committed to raising animals without antibiotics, using organic, non‑GMO, and sustainable farming practices. Their product line includes bacon, hot dogs, sausages, deli meats, frozen items, breakfast sandwiches, pancake & sausage sticks, and other ready‑to‑cook meats that cater to health‑conscious consumers."
94,Artisana Organics,Snack / Grocery,A,4,,PepsiCo (Frito-Lay); Mondelez; Kellogg; General Mills; Hershey,Head/VP of Growth; Director of Shopper Marketing; VP Ecommerce; Performance Marketing Lead,Pop can present Artisana Organics as a swap when shoppers add a competitor — brands pay only on receipt-verified conversion.,https://artisanaorganics.com,Sarah Miller | Chad Fox | Joree Weatherly | Wade Crouch,Director of Marketing | EVP & Chief Customer Officer | Product & Marketing Strategist | Marketing Leader,https://www.linkedin.com/in/sarahrosemiller | https://www.linkedin.com/in/chad-fox-726702167 | https://www.linkedin.com/in/joreeweatherly | https://ca.linkedin.com/in/wadecrouch,Always organic and GMO free delicious nut butters by Artisana Organics.,"Artisana Organics is a California-based natural food company specializing in premium, organic nut butters, seeds, and spreads. Their products are certified organic and kosher, produced without peanuts, gluten, dairy, cane sugar, or soy, focusing on unroasted and raw ingredients to maintain natural flavors."
95,AshaPops,Snack / Grocery,A,4,,PepsiCo (Frito-Lay); Mondelez; Kellogg; General Mills; Hershey,Head/VP of Growth; Director of Shopper Marketing; VP Ecommerce; Performance Marketing Lead,Pop can present AshaPops as a swap when shoppers add a competitor — brands pay only on receipt-verified conversion.,https://www.nombase.com/companies/ashapops,,,,"AshaPops specializes in producing healthy, plant‑based snacks tailored to the consumer packaged goods (CPG) industry.","AshaPops is a niche CPG brand that creates wholesome, plant‑based snack products. Their portfolio includes popped water lily seeds, vegan cheese, and other innovative, health‑focused foods designed for modern consumers seeking sustainable and nutritious options. The company emphasizes clean ingredients, creative flavor profiles, and eco‑friendly packaging to appeal to health‑conscious shoppers."
96,Atlas Olive Oils,Pantry / Condiments,A,4,,Kraft Heinz; McCormick; Unilever; Conagra; Campbell,Head/VP of Growth; Director of Shopper Marketing; VP Ecommerce; Performance Marketing Lead,"When a shopper adds an incumbent pantry item, Pop can suggest Atlas Olive Oils as a swap with a rebate — pay only on verified purchase.",https://atlasoliveoils.com,Atlas Olive Oils Canada,Regional Office,"Montreal, Canada",Fueled by the purity of the desert,"Atlas Olive Oils is a producer of high-quality, cold-pressed Moroccan extra virgin olive oil. The company focuses on sustainable sourcing and ethical production, utilizing olive trees grown in desert conditions to produce polyphenol-rich oils."
97,Attitude Living,Snack / Grocery,A,4,,PepsiCo (Frito-Lay); Mondelez; Kellogg; General Mills; Hershey,Head/VP of Growth; Director of Shopper Marketing; VP Ecommerce; Performance Marketing Lead,Pop can present Attitude Living as a swap when shoppers add a competitor — brands pay only on receipt-verified conversion.,https://attitudeliving.com,,,,"Clean, toxin‑free living for a healthier planet","Attitude Living is a Canadian consumer‑goods brand that offers a full line of eco‑friendly, toxin‑free personal care and household cleaning products. Their portfolio includes shampoo, conditioner, body wash, and laundry detergent, all formulated with sustainable ingredients and a commitment to safety and environmental stewardship."
98,Aunt Fannie's,Snack / Grocery,A,4,,PepsiCo (Frito-Lay); Mondelez; Kellogg; General Mills; Hershey,Head/VP of Growth; Director of Shopper Marketing; VP Ecommerce; Performance Marketing Lead,Pop can present Aunt Fannie's as a swap when shoppers add a competitor — brands pay only on receipt-verified conversion.,https://www.auntfannies.com,Diane Aylsworth | Mara Ebert,CEO | Executive Sales & Marketing Leader,https://citrusdiaries.substack.com/p/diane-aylsworth-of-aunt-fannies | https://www.linkedin.com/in/mara-ebert,"Premium, non-toxic cleaning solutions for a healthier home","Aunt Fannie's is a premier online retailer of high-end, non-toxic cleaning products that rely on plant-based ingredients, probiotics, and essential oils. Based in the Pacific Northwest, the brand focuses on human health and safety through eco-friendly household cleaners and innovative pest control solutions."
99,Aura Bora,Snack / Grocery,A,4,,PepsiCo (Frito-Lay); Mondelez; Kellogg; General Mills; Hershey,Head/VP of Growth; Director of Shopper Marketing; VP Ecommerce; Performance Marketing Lead,Pop can present Aura Bora as a swap when shoppers add a competitor — brands pay only on receipt-verified conversion.,https://aurabora.com,Angelique Bellmer Krembs | Raji Iyer Margolin | Elana Rosenthal | Fidan A.,Chief Marketing Officer | Consumer Marketing Executive | Innovation & Brand Strategy Executive | Product and Brand Marketing leader,https://www.linkedin.com/in/angeliquebellmerkrembs | https://www.linkedin.com/in/rajiiyermargolin | https://www.linkedin.com/in/elana-rosenthal-13384b11 | https://www.linkedin.com/in/fidanraliyeva,"Sparkling water made from real herbs, fruits, and flowers for earthly tastes and heavenly feelings.","Aura Bora is a beverage company specializing in sparkling water crafted from real herbs, fruits, and flowers. Their products are characterized by being zero-calorie, zero-sugar, and zero-sodium, focusing on high-quality plant extracts while avoiding artificial ingredients, sweeteners, and citric acid."
100,BODYARMOR LYTE,Snack / Grocery,A,4,,PepsiCo (Frito-Lay); Mondelez; Kellogg; General Mills; Hershey,Head/VP of Growth; Director of Shopper Marketing; VP Ecommerce; Performance Marketing Lead,Pop can present BODYARMOR LYTE as a swap when shoppers add a competitor — brands pay only on receipt-verified conversion.,https://www.nombase.com/companies/Body_Armor_Nutrition,Blanca Domínguez Artigas,Senior Account Executive,https://es.linkedin.com/in/blanca-dom%C3%ADnguez-artigas-84a6bb112,Leading sports nutrition brand powering athletes worldwide,"BodyArmor Nutrition, a Coca-Cola portfolio brand, delivers a range of hydration and sports nutrition products. Its flagship offerings include the BodyArmor Sports Drink, the low-calorie, no-artificial-sweetener BodyArmor LYTE line, and the pH-balanced BodyArmor SportWater. The brand focuses on clean hydration using potassium-based electrolytes, coconut water, antioxidants, and vitamins."
1,Abbot's Butcher,Snack / Grocery,A,6,Instacart Emerging 2025,PepsiCo (Frito-Lay); Mondelez; Kellogg; General Mills; Hershey,Head/VP of Growth; Director of Shopper Marketing; VP Ecommerce; Performance Marketing Lead,Pop can present Abbot's Butcher as a swap when shoppers add a competitor — brands pay only on receipt-verified conversion.,https://abbots.com/,,,,"Crafting premium plant-based meats that don't sacrifice flavor, texture or quality.","Founded in 2016 and based in San Clemente, California, Abbot's (formerly Abbot's Butcher) is a wellness company dedicated to creating high-quality, plant-rich proteins. The company focuses on clean-label, premium plant-based meats rooted in the belief that food should be both delicious and nourishing."
2,Amara,Snack / Grocery,A,6,Instacart Emerging 2025,PepsiCo (Frito-Lay); Mondelez; Kellogg; General Mills; Hershey,Head/VP of Growth; Director of Shopper Marketing; VP Ecommerce; Performance Marketing Lead,Pop can present Amara as a swap when shoppers add a competitor — brands pay only on receipt-verified conversion.,https://amaraorganicfoods.com/,,,,"Award‑winning kid snack brand with 100% whole fruits and veggies, no added sugar","Amara Organic Foods is a leading organic snack brand for babies and toddlers. Their product line includes yogurt smoothie melts, organic baby food, and toddler snacks—all made from 100% whole fruits and vegetables, free of added sugars, artificial flavors, colors, and preservatives. The company focuses on nutrient‑dense, shelf‑stable options that support healthy growth and convenient snacking for families."
3,Archer,Snack / Grocery,A,6,Instacart Emerging 2025,PepsiCo (Frito-Lay); Mondelez; Kellogg; General Mills; Hershey,Head/VP of Growth; Director of Shopper Marketing; VP Ecommerce; Performance Marketing Lead,Pop can present Archer as a swap when shoppers add a competitor — brands pay only on receipt-verified conversion.,https://www.nosh.com/brands/country-archer,,,,Leading producer of real‑ingredient jerky and meat sticks,"Country Archer Provisions is a prominent producer of premium beef jerky, meat sticks, and other protein snacks. The brand is known for its commitment to real ingredients, natural flavors, and high‑protein offerings that cater to health‑conscious consumers and specialty snack markets across North America."
4,Archer Jerky,Snack / Grocery,A,6,Instacart Emerging 2025,PepsiCo (Frito-Lay); Mondelez; Kellogg; General Mills; Hershey,Head/VP of Growth; Director of Shopper Marketing; VP Ecommerce; Performance Marketing Lead,Pop can present Archer Jerky as a swap when shoppers add a competitor — brands pay only on receipt-verified conversion.,https://archerjerky.com,,,,Better-for-you snacking portfolio,"Archer Jerky (Country Archer Provisions) is a leading grass-fed meat snack brand specializing in premium, 100% grass-fed, zero-sugar, and thick-cut jerky products."
5,Aussie Bubs,Snack / Grocery,A,6,Instacart Emerging 2025,PepsiCo (Frito-Lay); Mondelez; Kellogg; General Mills; Hershey,Head/VP of Growth; Director of Shopper Marketing; VP Ecommerce; Performance Marketing Lead,Pop can present Aussie Bubs as a swap when shoppers add a competitor — brands pay only on receipt-verified conversion.,https://www.aussiebubs.com,,,,Clean‑label toddler milks made with full‑fat milk.,"Aussie Bubs is a consumer‑packaged‑goods brand that brings Australian‑style, clean‑label toddler milks to the United States. Their products are formulated with full‑fat milk, no corn syrup, maltodextrin, or growth hormones, and are designed to provide essential nutrients for toddlers during the weaning stage. The brand has expanded its product line to include grass‑fed nutritional toddler drinks and other clean‑label options, positioning itself as a trusted choice for parents seeking wholesome, minimally processed baby foods."
6,Belgian Boys,Snack / Grocery,A,6,Instacart Emerging 2025,PepsiCo (Frito-Lay); Mondelez; Kellogg; General Mills; Hershey,Head/VP of Growth; Director of Shopper Marketing; VP Ecommerce; Performance Marketing Lead,Pop can present Belgian Boys as a swap when shoppers add a competitor — brands pay only on receipt-verified conversion.,https://www.belgianboys.com,Anouck Gotlib | Page Bowler | Tony Fung,CEO | Fractional & Interim Head of Marketing | Omnichannel Marketing & eCommerce Leader,https://www.linkedin.com/in/anouckgotlib | https://www.linkedin.com/in/page-bowler-marketing | https://www.linkedin.com/in/tony-fung-chan,Sparking moments of joy with delicious European-inspired foods,"Belgian Boys is a woman-owned, women-led company that specializes in authentic Belgian snacks and treats. The brand offers a variety of European-inspired products including mini pancakes, waffles, and crêpes, focusing on non-GMO ingredients with no artificial flavors or preservatives."
7,Black Rifle Coffee Company,Beverage,A,6,Instacart Emerging 2025,Coca-Cola; PepsiCo; LaCroix/Spindrift-style sparkling; Gatorade/Powerade; Vitaminwater,Head/VP of Growth; Director of Shopper Marketing; VP Ecommerce; Performance Marketing Lead,"When a shopper adds a competing drink to their grocery list, Pop can suggest Black Rifle Coffee Company with a rebate — pay only on receipt-verified purchase.",https://blackriflecoffee.com,John Ostman | Michael Kremmel | Gwen Montalto,VP Ecommerce | Director of Shopper Marketing | Senior Director Insights,https://linkedin.com/in/johnostman | https://linkedin.com/in/michael-kremmel-79535a39 | https://linkedin.com/in/gwen-montalto,Veteran‑owned premium coffee for the American soldier,"Black Rifle Coffee Company (BRCC) is a veteran‑owned, premium roast coffee brand that blends high‑quality beans with a strong sense of community and patriotism. Founded by former U.S. Army soldiers, BRCC offers a range of specialty coffee blends, single‑origin roasts, and convenient ready‑to‑brew options such as Keurig pods and coffee subscriptions. The company emphasizes bold flavor profiles, sustainable sourcing, and a commitment to supporting veterans and first responders."
8,Blueland,Snack / Grocery,A,6,Instacart Emerging 2025,PepsiCo (Frito-Lay); Mondelez; Kellogg; General Mills; Hershey,Head/VP of Growth; Director of Shopper Marketing; VP Ecommerce; Performance Marketing Lead,Pop can present Blueland as a swap when shoppers add a competitor — brands pay only on receipt-verified conversion.,https://www.blueland.com/,Josh Knopman | Yingying Kuang | Anna Pan,SVP of Growth & Digital Product | VP of Marketing | Shopper Marketing & Brand Professional,https://linkedin.com/in/joshknopman | https://linkedin.com/in/yingyingkuang | https://linkedin.com/in/anna-pan-b7429190,"Eco‑friendly, plastic‑free cleaning solutions for the home","Blueland creates refillable, plant‑based cleaning products that eliminate plastic waste and toxic chemicals. Their flagship line includes Toilet Bowl Cleaner Tablets, Laundry Detergent Tablets, and Dishwasher Tablets, all sold in reusable, shatter‑proof Forever Bottles. The brand emphasizes a zero‑waste, non‑toxic approach, offering a convenient refill system that keeps cleaning supplies out of landfills while delivering effective, safe performance."
9,Built,Snack / Grocery,A,6,Instacart Emerging 2025,PepsiCo (Frito-Lay); Mondelez; Kellogg; General Mills; Hershey,Head/VP of Growth; Director of Shopper Marketing; VP Ecommerce; Performance Marketing Lead,Pop can present Built as a swap when shoppers add a competitor — brands pay only on receipt-verified conversion.,https://www.zappi.io,Nicklaus Hasselberg | Suzanne Clarridge | Michael Nusinkis | Jake Forsland,VP of Growth Marketing & E-Commerce | VP eCommerce Marketing & Founder | VP Ecommerce & Marketplace Operations | VP of Growth,https://www.linkedin.com/in/nicklaus-hasselberg-0375278 | https://www.linkedin.com/in/suzanne-clarridge | https://www.linkedin.com/in/michael-nusinkis | https://www.linkedin.com/in/jakeforsland,Building brands with the consumer in mind,"Zappi is a consumer insights platform that helps CPG founders and visionaries build billion-dollar brands by disrupting traditional categories like snacks, beverages, and household goods through consumer-centric data."
10,Cure Hydration,Beverage,A,6,Instacart Emerging 2025,Coca-Cola; PepsiCo; LaCroix/Spindrift-style sparkling; Gatorade/Powerade; Vitaminwater,Head/VP of Growth; Director of Shopper Marketing; VP Ecommerce; Performance Marketing Lead,"When a shopper adds a competing drink to their grocery list, Pop can suggest Cure Hydration with a rebate — pay only on receipt-verified purchase.",https://www.curehydration.com/,,,,Optimal hydration with clean ingredients.,Cure Hydration is a premium hydration brand revolutionizing the functional beverage industry with scientifically‑formulated electrolyte drink mixes made from organic coconut water and clean ingredients. Their products are designed to provide optimal hydration for athletes and everyday consumers while delivering great taste.
11,Cymbiotika,Snack / Grocery,A,6,Instacart Emerging 2025,PepsiCo (Frito-Lay); Mondelez; Kellogg; General Mills; Hershey,Head/VP of Growth; Director of Shopper Marketing; VP Ecommerce; Performance Marketing Lead,Pop can present Cymbiotika as a swap when shoppers add a competitor — brands pay only on receipt-verified conversion.,https://cymbiotika.com,,,,Pioneering wellness brand,"Cymbiotika is a wellness brand best known for its liposomal supplement range, which uses a liposomal delivery system to increase the bioavailability of active ingredients and enhance overall health and wellness."
12,Dose,Snack / Grocery,A,6,Instacart Emerging 2025,PepsiCo (Frito-Lay); Mondelez; Kellogg; General Mills; Hershey,Head/VP of Growth; Director of Shopper Marketing; VP Ecommerce; Performance Marketing Lead,Pop can present Dose as a swap when shoppers add a competitor — brands pay only on receipt-verified conversion.,https://instacartbrandlist.com/,Jenna Movsowitz,Brand Strategist / Contributor,https://www.linkedin.com/posts/jenna-movsowitz_i-think-i-may-have-coined-a-term-for-a-activity-7429618456762916864-Vh98,Transparency and trust in effective dosing.,"Dose is a consumer packaged goods brand specializing in low-dose CBD-infused products, including gummies and drinks. The brand distinguishes itself by focusing on transparency, clearly stating the effective dose per ingredient and featuring the actual dose used on the packaging to build consumer trust."
13,Drizzilicious,Snack / Grocery,A,6,Instacart Emerging 2025,PepsiCo (Frito-Lay); Mondelez; Kellogg; General Mills; Hershey,Head/VP of Growth; Director of Shopper Marketing; VP Ecommerce; Performance Marketing Lead,Pop can present Drizzilicious as a swap when shoppers add a competitor — brands pay only on receipt-verified conversion.,https://www.linkedin.com/company/veriti,Morgen Mohr,Sr. Shopper Marketing Manager,https://www.linkedin.com/in/morgen-mohr,Retail Media + Shopper Marketing,Veriti (formerly known as Hayden Consultancy) is a professional services firm specializing in retail media and shopper marketing strategies.
14,Evergreen,Snack / Grocery,A,6,Instacart Emerging 2025,PepsiCo (Frito-Lay); Mondelez; Kellogg; General Mills; Hershey,Head/VP of Growth; Director of Shopper Marketing; VP Ecommerce; Performance Marketing Lead,Pop can present Evergreen as a swap when shoppers add a competitor — brands pay only on receipt-verified conversion.,https://eatevergreen.com,Stephanie Danzi | Zachary Riegle,"Global CMO, Evergreen & Emerging Brands | VP of Growth",https://www.linkedin.com/in/stephanie-danzi | https://www.linkedin.com/in/zachriegle,A Morning Win for Families,Evergreen offers a line of frozen waffles that elevate breakfast with homemade taste and simple ingredients. The brand is known for using real whole foods and was recognized as one of the fastest-growing emerging brands of 2025.
15,Fishwife,Snack / Grocery,A,6,Instacart Emerging 2025,PepsiCo (Frito-Lay); Mondelez; Kellogg; General Mills; Hershey,Head/VP of Growth; Director of Shopper Marketing; VP Ecommerce; Performance Marketing Lead,Pop can present Fishwife as a swap when shoppers add a competitor — brands pay only on receipt-verified conversion.,https://eatfishwife.com/,,,,Tinned seafood that doubles as art.,"Fishwife has perfected the art of preserved fish, packaging everything from trout and tuna to sardines in stunningly designed tins that double as art. The brand offers a diverse and expanding product line that includes smoked salmon, rainbow trout, sardines, and other ethically sourced tinned fish, positioning itself as a premium, design‑centric alternative to traditional canned seafood."
16,Fresh Press Farms,Snack / Grocery,A,6,Instacart Emerging 2025,PepsiCo (Frito-Lay); Mondelez; Kellogg; General Mills; Hershey,Head/VP of Growth; Director of Shopper Marketing; VP Ecommerce; Performance Marketing Lead,Pop can present Fresh Press Farms as a swap when shoppers add a competitor — brands pay only on receipt-verified conversion.,https://freshpressfarms.com,Jenny McKee | Josh Singer,eCommerce & Amazon Marketing Manager | Growth Marketing,https://www.linkedin.com/in/jnymckee | https://www.linkedin.com/in/joshuasinger33,"Sustainable, heart‑healthy oils sourced from homegrown farms","Fresh Press Farms is a consumer-packaged goods brand specializing in premium, cold-pressed cooking oils and vinegars. Utilizing sustainable agriculture and homegrown ingredients, the company produces high-quality olive oils, high-oleic sunflower oil, and unique offerings like peach cider vinegar. The brand focuses on clean-label, heart-healthy nutrition and is recognized as a fast-growing emerging brand in the CPG space."
17,Fruit Riot!,Snack / Grocery,A,6,Instacart Emerging 2025,PepsiCo (Frito-Lay); Mondelez; Kellogg; General Mills; Hershey,Head/VP of Growth; Director of Shopper Marketing; VP Ecommerce; Performance Marketing Lead,Pop can present Fruit Riot! as a swap when shoppers add a competitor — brands pay only on receipt-verified conversion.,,,,,You can't ignore me.,"Fruit Riot! is a bold consumer packaged goods brand that delivers vibrant, fruit‑infused snacks and beverages. Their flagship product, the Sour Mango Strawberry Peach Mix, blends tangy mango, sweet strawberry, and juicy peach flavors into a convenient on‑the‑go format. The brand also offers crunchy candy treats that capture the same playful, eye‑catching energy on the shelf."
18,Goodles,Snack / Grocery,A,6,Instacart Emerging 2025,PepsiCo (Frito-Lay); Mondelez; Kellogg; General Mills; Hershey,Head/VP of Growth; Director of Shopper Marketing; VP Ecommerce; Performance Marketing Lead,Pop can present Goodles as a swap when shoppers add a competitor — brands pay only on receipt-verified conversion.,https://www.goodles.com/,Emilio Pineda | Daniel Alesia,VP eCommerce | Shopper Marketing Manager,https://www.linkedin.com/in/emiliopineda | https://www.linkedin.com/in/daniel-alesia-b516824,Mac For All,"Goodles is a consumer-packaged-goods brand that reimagines classic mac ’n cheese with a focus on nutrition and convenience. Their flagship product is a high-protein, high-fiber, prebiotic mac ’n cheese that comes in a microwavable cup, delivering a creamy, cheesy experience without the guilt. Goodles also offers a Build-A-Box option that lets customers customize their mac ’n cheese with different add-ons, positioning the brand as a smart, better-for-you alternative for health-conscious consumers who want quick, tasty meals."
19,Graza,Snack / Grocery,A,6,Instacart Emerging 2025,PepsiCo (Frito-Lay); Mondelez; Kellogg; General Mills; Hershey,Head/VP of Growth; Director of Shopper Marketing; VP Ecommerce; Performance Marketing Lead,Pop can present Graza as a swap when shoppers add a competitor — brands pay only on receipt-verified conversion.,https://www.graza.co/,Melissa Ferrie | Alex Edelstein | Melissa DiNapoli | Ada Desmond,Vice President of Sales | VP of Marketing | VP of Marketing | Omnichannel | Director | E-Commerce | Digital Marketing,https://www.linkedin.com/in/melissa-ferrie-689ba4105 | https://www.linkedin.com/in/edelsteinalex | https://www.linkedin.com/in/melissadinapoli | https://www.linkedin.com/in/adadesmond,"High quality olive oil that's meant to be squeezed, not saved","Graza is a specialty food brand that produces premium, single-origin extra virgin olive oil packaged in convenient squeeze bottles. The company focuses on making high-quality olive oil accessible for everyday use, moving away from traditional glass bottles to functional, chef-inspired packaging."
20,Hero Bread,Snack / Grocery,A,6,Instacart Emerging 2025,PepsiCo (Frito-Lay); Mondelez; Kellogg; General Mills; Hershey,Head/VP of Growth; Director of Shopper Marketing; VP Ecommerce; Performance Marketing Lead,Pop can present Hero Bread as a swap when shoppers add a competitor — brands pay only on receipt-verified conversion.,https://www.hero.co,Lynn Dalsing | Christina Blaisdell Oyler | Maahir Satwani | Abeera Baig,Head of Growth | VP Ecommerce | Business Head | Data-Driven Growth & Marketing Leader,https://www.linkedin.com/in/lynndalsing | https://www.linkedin.com/in/christinablaisdell | https://ae.linkedin.com/in/maahirsatwani | https://ae.linkedin.com/in/abeerabaig,"Low‑carb, zero‑carb baked goods for the health‑conscious.","Hero Bread, a brand of Hero Labs LLC, is a food technology company specializing in the production of low-carb and zero-carb bread products. Founded in 2021, the company offers a range of better-for-you bakery items including breads, buns, tortillas, and croissants, leveraging advanced food science to provide healthier alternatives to traditional baked goods without sacrificing taste."
21,Hiyo,Snack / Grocery,A,6,Instacart Emerging 2025,PepsiCo (Frito-Lay); Mondelez; Kellogg; General Mills; Hershey,Head/VP of Growth; Director of Shopper Marketing; VP Ecommerce; Performance Marketing Lead,Pop can present Hiyo as a swap when shoppers add a competitor — brands pay only on receipt-verified conversion.,http://www.bevnet.com/brands/hiyo,Melissa DiNapoli | Kaitlin Harkins Graber | Tenley Fitzgerald | Tekisha Harvey,VP of Marketing | Omnichannel | VP of Growth | Brand Builder | Co-Founder and Brand Director,https://www.linkedin.com/in/melissadinapoli | https://www.linkedin.com/in/kaitlin-harkins-graber-72632869 | https://www.linkedin.com/in/tenley-fitzgerald-1a049a14 | https://www.linkedin.com/in/tekisha-harvey,The better-than-alcohol alternative.,"Hiyo is a USDA organic certified social tonic mindfully crafted with adaptogens, natural nootropics, and functional botanicals to provide a mood-enhancing experience without alcohol."
22,Humm Kombucha,Beverage,A,6,Instacart Emerging 2025,Coca-Cola; PepsiCo; LaCroix/Spindrift-style sparkling; Gatorade/Powerade; Vitaminwater,Head/VP of Growth; Director of Shopper Marketing; VP Ecommerce; Performance Marketing Lead,"When a shopper adds a competing drink to their grocery list, Pop can suggest Humm Kombucha with a rebate — pay only on receipt-verified purchase.",https://hummkombucha.com,Michelle Del Pero | Cristina Shaffer,Vice President of Business Development | Sales Planning and Shopper Marketing Analyst,https://www.linkedin.com/in/michelle-del-pero-94962194 | https://www.linkedin.com/in/cshaf,"Delicious, lower-or-no-sugar drinks with billions of probiotics per can.","Humm Kombucha is a leading producer of functional kombucha beverages. Based in Bend, Oregon, the company specializes in organic, low-sugar, and zero-sugar fermented tea drinks designed to support gut health through innovative probiotic systems."
23,IQBAR,Snack / Grocery,A,6,Instacart Emerging 2025,PepsiCo (Frito-Lay); Mondelez; Kellogg; General Mills; Hershey,Head/VP of Growth; Director of Shopper Marketing; VP Ecommerce; Performance Marketing Lead,Pop can present IQBAR as a swap when shoppers add a competitor — brands pay only on receipt-verified conversion.,https://www.amazon.com/Protein-Chocolate-Variety-Friendly-Alcohols/dp/B07Y7H3FHB,,,,Brain and Body Plant Protein Bars,"IQBAR plant protein bars are 45‑gram bars meticulously formulated with nutrient‑dense, clean‑label ingredients that fuel the brain and body. Each bar contains 5 grams of plant protein, 5 grams of fiber, and a blend of natural sweeteners and superfoods designed to support cognitive function and overall wellness."
24,Ice Cream for Bears,Dairy / Frozen Treats,A,6,Instacart Emerging 2025,Danone; General Mills; Nestlé; Unilever; Chobani,Head/VP of Growth; Director of Shopper Marketing; VP Ecommerce; Performance Marketing Lead,Intercept shoppers at list-build time and offer Ice Cream for Bears as a swap vs an incumbent — pay only on receipt-verified purchase.,https://icecreamforbears.com,,,,Premium ice cream made with simple ingredients.,"Ice Cream for Bears is a premium ice cream brand that uses the simplest ingredients and sweetens only with raw honey. The brand focuses on clean, natural ingredients, avoiding seed oils, soy, and artificial sweeteners."
25,Joyburst,Snack / Grocery,A,6,Instacart Emerging 2025,PepsiCo (Frito-Lay); Mondelez; Kellogg; General Mills; Hershey,Head/VP of Growth; Director of Shopper Marketing; VP Ecommerce; Performance Marketing Lead,Pop can present Joyburst as a swap when shoppers add a competitor — brands pay only on receipt-verified conversion.,https://joyburst.com,,,,Joyburst is the leading better-for-you drink company!,"Joyburst specializes in the production of health-focused energy drinks and hydration products. The company offers a range of sugar‑free, zero‑calorie beverages, including the Renew – Mind + Body line, a variety of fruit‑flavored options such as Watermelon, and upcoming products like a creatine soda and a Twinings Peach Revive RTD. Joyburst positions itself as a better‑for‑you alternative to traditional energy drinks, emphasizing clean ingredients, functional benefits, and a commitment to wellness."
